source_name,status,mapped_to,notes
A-Foroon,exact_match,A-Foroon,
Aaeton,exact_match,Aaeton,
Aargau,exact_match,Aargau,
Aargonar,exact_match,Aargonar,
Abafar,exact_match,Abafar,
Abbaji,exact_match,Abbaji,
Abhean,exact_match,Abhean,
Abo Dreth,exact_match,Abo Dreth,
Abraxas,exact_match,Abraxas,
Abregado-rae,exact_match,Abregado-rae,
Abridon,exact_match,Abridon,
Absit,exact_match,Absit,
Adari,exact_match,Adari,
Adarlon,exact_match,Adarlon,
Adin,exact_match,Adin,
Adoris,exact_match,Adoris,
Aduba,exact_match,Aduba,
Adumar,exact_match,Adumar,
Aeneid,exact_match,Aeneid,
Aeten,exact_match,Aeten,
Af'El,exact_match,Af'El,
Affa,exact_match,Affa,
Affavan,exact_match,Affavan,
Agamar,exact_match,Agamar,
Agon,exact_match,Agon,
Aguarl,exact_match,Aguarl,
Ahakista,exact_match,Ahakista,
Ahch-To,exact_match,Ahch-To,
Aikhibba,exact_match,Aikhibba,
Ailon,exact_match,Ailon,
Ajan Kloss,manual_required,,no exact or unique normalized match
Akrit'tar,exact_match,Akrit'tar,
Akuria,exact_match,Akuria,
Alakatha,exact_match,Alakatha,
Alashan,exact_match,Alashan,
Alassa Major,exact_match,Alassa Major,
Alderaan,exact_match,Alderaan,
Aldraig,exact_match,Aldraig,
Alee,exact_match,Alee,
Aleen,exact_match,Aleen,
Algara,exact_match,Algara,
Algarian,exact_match,Algarian,
Algnadesh,exact_match,Algnadesh,
Algor,exact_match,Algor,
Alland,exact_match,Alland,
Allanteen,exact_match,Allanteen,
Allyuen,exact_match,Allyuen,
Almania,exact_match,Almania,
Alpheridies,exact_match,Alpheridies,
Alsakan,exact_match,Alsakan,
Altier,exact_match,Altier,
Altor,exact_match,Altor,
Altratonne,exact_match,Altratonne,
Altyr V,manual_required,,no exact or unique normalized match
Alui,exact_match,Alui,
Alzoc,exact_match,Alzoc,
Amarin,exact_match,Amarin,
Ambria,exact_match,Ambria,
Ammuud,exact_match,Ammuud,
Anantapar,exact_match,Anantapar,
Anaxes,exact_match,Anaxes,
Andalasa,exact_match,Andalasa,
Andalia,exact_match,Andalia,
Andara,exact_match,Andara,
Andelm IV,exact_match,Andelm IV,
Ando,exact_match,Ando,
Andooweel,exact_match,Andooweel,
Andosha,exact_match,Andosha,
Anemcoro,exact_match,Anemcoro,
Angor,exact_match,Angor,
Angratha,exact_match,Angratha,
Ank Kit'aar,exact_match,Ank Kit'aar,
Ankus,exact_match,Ankus,
Annaj,exact_match,Annaj,
Anoat,exact_match,Anoat,
Anobis,exact_match,Anobis,
Anorelga,exact_match,Anorelga,
Anoth,exact_match,Anoth,
Ansion,exact_match,Ansion,
Anstares,exact_match,Anstares,
Antar,exact_match,Antar,
Anteevy,exact_match,Anteevy,
Antemeridias,exact_match,Antemeridias,
Antipose,exact_match,Antipose,
Antiquity,exact_match,Antiquity,
Anturus,exact_match,Anturus,
Anx Minor,exact_match,Anx Minor,
Anzat,exact_match,Anzat,
Apatros,exact_match,Apatros,
Aphran,exact_match,Aphran,
Aquaris,exact_match,Aquaris,
Aquella,exact_match,Aquella,
Aquilae,exact_match,Aquilae,
Arabanth,exact_match,Arabanth,
Aradia,exact_match,Aradia,
Arami,exact_match,Arami,
Arat Fraca,exact_match,Arat Fraca,
Arbra,exact_match,Arbra,
Arcan,exact_match,Arcan,
Archais,exact_match,Archais,
Arda,exact_match,Arda,
Argai,exact_match,Argai,
Argai Minor,exact_match,Argai Minor,
Argazda,exact_match,Argazda,
Argovia,exact_match,Argovia,
Argul,manual_required,,no exact or unique normalized match
Argus,exact_match,Argus,
Aridus,exact_match,Aridus,
Aris,exact_match,Aris,
Arkam,exact_match,Arkam,
Arkania,exact_match,Arkania,
Arkanis,exact_match,Arkanis,
Arkuda,exact_match,Arkuda,
Arleen,exact_match,Arleen,
Arporatal-Lanin,exact_match,Arporatal-Lanin,
Arrgaw,exact_match,Arrgaw,
Artesia,exact_match,Artesia,
Aruza,exact_match,Aruza,
Asation,exact_match,Asation,
Ashas Ree,exact_match,Ashas Ree,
Askaj,exact_match,Askaj,
Asmeru,exact_match,Asmeru,
Asmeru Anomaly,exact_match,Asmeru Anomaly,
Asrat,exact_match,Asrat,
Ast Kikorie,exact_match,Ast Kikorie,
Atapap I,exact_match,Atapap I,
Atchorb,exact_match,Atchorb,
Athiss,exact_match,Athiss,
Atollon,exact_match,Atollon,
Ator,exact_match,Ator,
Atorra,exact_match,Atorra,
Atravis,exact_match,Atravis,
Atron,exact_match,Atron,
Attahox,exact_match,Attahox,
Atzerri,exact_match,Atzerri,
Austan,exact_match,Austan,
Avenelle,exact_match,Avenelle,
Averam,exact_match,Averam,
Avidich,exact_match,Avidich,
Axxila,exact_match,Axxila,
Aylayl,exact_match,Aylayl,
Azbrian,exact_match,Azbrian,
Aztubek,exact_match,Aztubek,
Azure,exact_match,Azure,
Azzameen Station,exact_match,Azzameen Station,
B'trilla,exact_match,B'trilla,
B-Foroon,exact_match,B-Foroon,
Babbadod,exact_match,Babbadod,
Bacrana,exact_match,Bacrana,
Bahalian,exact_match,Bahalian,
Bajic,exact_match,Bajic,
Bakura,exact_match,Bakura,
Balamak,exact_match,Balamak,
Baldavia,exact_match,Baldavia,
Balis-Baurgh,exact_match,Balis-Baurgh,
Balmorra,exact_match,Balmorra,
Balnab,exact_match,Balnab,
Balosar,exact_match,Balosar,
Baltizaar,exact_match,Baltizaar,
Ban-Satir,exact_match,Ban-Satir,
Bandomeer,exact_match,Bandomeer,
Bannistar Station,exact_match,Bannistar Station,
Barab,exact_match,Barab,
Baraboo,exact_match,Baraboo,
Baradas,exact_match,Baradas,
Barcaria,exact_match,Barcaria,
Bardotta,exact_match,Bardotta,
Barenth,exact_match,Barenth,
Barison,exact_match,Barison,
Barkhesh,exact_match,Barkhesh,
Barlok,exact_match,Barlok,
Baroli,exact_match,Baroli,
Baros,exact_match,Baros,
Barseg,exact_match,Barseg,
Basilisk,exact_match,Basilisk,
Bassadro,exact_match,Bassadro,
Bastion,exact_match,Bastion,
Bastooine,exact_match,Bastooine,
Bator Bai,exact_match,Bator Bai,
Batorine,exact_match,Batorine,
Batuu,manual_required,,no exact or unique normalized match
Baummu,exact_match,Baummu,
Bavva,exact_match,Bavva,
Bedlam,manual_required,,no exact or unique normalized match
Begeren,exact_match,Begeren,
Belasco,exact_match,Belasco,
Belassar,exact_match,Belassar,
Belazura,exact_match,Belazura,
Belderone,exact_match,Belderone,
Belgaroth,exact_match,Belgaroth,
Belkadan,exact_match,Belkadan,
Bellassa,exact_match,Bellassa,
Belnar,exact_match,Belnar,
Belsavis,exact_match,Belsavis,
Beltrix III,exact_match,Beltrix III,
Bendeluum,exact_match,Bendeluum,
Bengat,exact_match,Bengat,
Berchest,exact_match,Berchest,
Beris,exact_match,Beris,
Berri,exact_match,Berri,
Berrol's Donn,exact_match,Berrol's Donn,
Besberra,exact_match,Besberra,
Bescane,exact_match,Bescane,
Besero,exact_match,Besero,
Besnia,exact_match,Besnia,
Bespin,exact_match,Bespin,
Bestine,exact_match,Bestine,
Betha,exact_match,Betha,
Betshish,exact_match,Betshish,
Bettel,exact_match,Bettel,
Bextar,exact_match,Bextar,
Bhargebba,exact_match,Bhargebba,
Bheriz,exact_match,Bheriz,
Biewa,exact_match,Biewa,
Biitu,exact_match,Biitu,
Bilbringi,exact_match,Bilbringi,
Bimin Three,exact_match,Bimin Three,
Bimmiel,exact_match,Bimmiel,
Bimmisaari,exact_match,Bimmisaari,
Birgis,exact_match,Birgis,
Bisellia,exact_match,Bisellia,
Bissillirus,exact_match,Bissillirus,
Bith,exact_match,Bith,
Blenjeel,exact_match,Blenjeel,
Blimph,exact_match,Blimph,
Bnar,exact_match,Bnar,
Bogden,exact_match,Bogden,
Bogo Rai,exact_match,Bogo Rai,
Bomis Koori,exact_match,Bomis Koori,
Bonadan,exact_match,Bonadan,
Boonta,exact_match,Boonta,
Boordii,exact_match,Boordii,
Bootana Shagplan,exact_match,Bootana Shagplan,
Boranda,exact_match,Boranda,
Borao,exact_match,Borao,
Borgo Prime,exact_match,Borgo Prime,
Borkyne,exact_match,Borkyne,
Borleias,exact_match,Borleias,
Boro-borosa,exact_match,Boro-borosa,
Borosk,exact_match,Borosk,
Bortras,exact_match,Bortras,
Bosph,exact_match,Bosph,
Bosthirda,exact_match,Bosthirda,
Botajef,exact_match,Botajef,
Bothawui,exact_match,Bothawui,
Botor,exact_match,Botor,
Boudolayz,exact_match,Boudolayz,
Bovo Yagen,exact_match,Bovo Yagen,
Boz Pity,exact_match,Boz Pity,
Bpfassh,exact_match,Bpfassh,
Brentaal,exact_match,Brentaal,
Bresnia,exact_match,Bresnia,
Brevost,exact_match,Brevost,
Brigia,exact_match,Brigia,
Brochiib,exact_match,Brochiib,
Brodo Asogi,exact_match,Brodo Asogi,
Broest,exact_match,Broest,
Bronsoon,exact_match,Bronsoon,
Brosi,exact_match,Brosi,
Bryexx,exact_match,Bryexx,
Bryx,exact_match,Bryx,
Bseto,exact_match,Bseto,
Buchich,exact_match,Buchich,
Budpock,exact_match,Budpock,
Bunduki,exact_match,Bunduki,
Burnin Konn,exact_match,Burnin Konn,
Burska,exact_match,Burska,
Byblos,exact_match,Byblos,
Byss,exact_match,Byss,
C-Foroon,exact_match,C-Foroon,
Caamas,exact_match,Caamas,
Cademimu,exact_match,Cademimu,
Cadinth,exact_match,Cadinth,
Cadma,exact_match,Cadma,
Cadomai,exact_match,Cadomai,
Cal-Seti,exact_match,Cal-Seti,
Calfa,exact_match,Calfa,
Calonica,exact_match,Calonica,
Caltinia,exact_match,Caltinia,
Calus,exact_match,Calus,
Caluula,exact_match,Caluula,
Cambria,exact_match,Cambria,
Camden,exact_match,Camden,
Candoria,exact_match,Candoria,
Cantonica,exact_match,Cantonica,
Cantras Gola,exact_match,Cantras Gola,
Cantros,exact_match,Cantros,
Capella,exact_match,Capella,
Capza,exact_match,Capza,
Carcel,exact_match,Carcel,
Carest,exact_match,Carest,
Cargamalis,exact_match,Cargamalis,
Carida,exact_match,Carida,
Carlac,exact_match,Carlac,
Carlania,exact_match,Carlania,
Carnovia,exact_match,Carnovia,
Carosi,exact_match,Carosi,
Carratos,exact_match,Carratos,
Carsanza,exact_match,Carsanza,
Cartao,exact_match,Cartao,
Casfield,exact_match,Casfield,
Cassander,exact_match,Cassander,
Castell,exact_match,Castell,
Cathar,exact_match,Cathar,
Cato Neimoidia,exact_match,Cato Neimoidia,
Celanon,exact_match,Celanon,
Celdaru,exact_match,Celdaru,
Celegia,exact_match,Celegia,
Celwis,exact_match,Celwis,
Centares,exact_match,Centares,
Cerea,exact_match,Cerea,
Cerenia,exact_match,Cerenia,
Cezith,exact_match,Cezith,
Ch'hodos,exact_match,Ch'hodos,
Chad,exact_match,Chad,
Chalacta,exact_match,Chalacta,
Chalcedon,exact_match,Chalcedon,
Challon,exact_match,Challon,
Chamble,exact_match,Chamble,
Chamm,exact_match,Chamm,
Champala,exact_match,Champala,
Chandaar,exact_match,Chandaar,
Chandrila,exact_match,Chandrila,
Chanosant,exact_match,Chanosant,
Chardaan,exact_match,Chardaan,
Charra,exact_match,Charra,
Charros,exact_match,Charros,
Charubah,exact_match,Charubah,
Chasin,exact_match,Chasin,
Chazwa,exact_match,Chazwa,
Cheelit,exact_match,Cheelit,
Cheku,exact_match,Cheku,
Chenowei,exact_match,Chenowei,
Cheruba,exact_match,Cheruba,
Chibias,exact_match,Chibias,
Chiron,exact_match,Chiron,
Chokan,exact_match,Chokan,
Cholganna,exact_match,Cholganna,
Chorax,exact_match,Chorax,
Chosper,exact_match,Chosper,
Chrellis,manual_required,,no exact or unique normalized match
Christophsis,exact_match,Christophsis,
Chroma Zed,exact_match,Chroma Zed,
Chryya,exact_match,Chryya,
Churruma,exact_match,Churruma,
Cilpar,exact_match,Cilpar,
Cioral,exact_match,Cioral,
Circumtore,exact_match,Circumtore,
Cirrus,exact_match,Cirrus,
Cirus,exact_match,Cirus,
Ciutric,exact_match,Ciutric,
Clantaano,exact_match,Clantaano,
Cmaoli Di,exact_match,Cmaoli Di,
Coachelle,exact_match,Coachelle,
Codia,exact_match,Codia,
Colla IV,exact_match,Colla IV,
Colonial Station Cam'co,exact_match,Colonial Station Cam'co,
Colonial Station Chaf,exact_match,Colonial Station Chaf,
Columex,exact_match,Columex,
Columus,exact_match,Columus,
Comkin V,exact_match,Comkin V,
Commenor,exact_match,Commenor,
Comra,exact_match,Comra,
Cona,exact_match,Cona,
Concord Dawn,exact_match,Concord Dawn,
Condular,exact_match,Condular,
Constancia,exact_match,Constancia,
Contruum,exact_match,Contruum,
Coonee,exact_match,Coonee,
Copero,exact_match,Copero,
Cophrigin,exact_match,Cophrigin,
Copperline,exact_match,Copperline,
Corann,exact_match,Corann,
Corbett CLuster,exact_match,Corbett CLuster,
Corbos,exact_match,Corbos,
Corellia,exact_match,Corellia,
Corlass,exact_match,Corlass,
Cormit,exact_match,Cormit,
Corroth,exact_match,Corroth,
Corsin,exact_match,Corsin,
Cortina,exact_match,Cortina,
Corulag,exact_match,Corulag,
Coruscant,exact_match,Coruscant,
Corva Yag,exact_match,Corva Yag,
Corvanni IV,exact_match,Corvanni IV,
Corvis Minor,exact_match,Corvis Minor,
Cotellier,exact_match,Cotellier,
Council,exact_match,Council,
Coveway,exact_match,Coveway,
Craci,exact_match,Craci,
Crait,exact_match,Crait,
Crakull,exact_match,Crakull,
Cranan,exact_match,Cranan,
Criton's Point,exact_match,Criton's Point,
Crovna,exact_match,Crovna,
Crustai,exact_match,Crustai,
Crystan,exact_match,Crystan,
Csaus,exact_match,Csaus,
Csilla,exact_match,Csilla,
Cularin,exact_match,Cularin,
Cuvacia,exact_match,Cuvacia,
Cybloc,exact_match,Cybloc,
Cyborrea,exact_match,Cyborrea,
Cyimarra,exact_match,Cyimarra,
Cyphar,exact_match,Cyphar,
Cyrillia,exact_match,Cyrillia,
D'ian,exact_match,D'ian,
D'Qar,exact_match,D'Qar,
D'rinba,exact_match,D'rinba,
Da Soocha,manual_required,,no exact or unique normalized match
Daalang,exact_match,Daalang,
Daan/Melida,exact_match,Daan/Melida,
Dachat,exact_match,Dachat,
Dactruria,exact_match,Dactruria,
Daemen,exact_match,Daemen,
Dagary Minor,exact_match,Dagary Minor,
Dagelin Minor,exact_match,Dagelin Minor,
Dagobah,exact_match,Dagobah,
Dahrtag,exact_match,Dahrtag,
Dakshee,exact_match,Dakshee,
Dalchon,exact_match,Dalchon,
Dalcretti,exact_match,Dalcretti,
Dalisor,exact_match,Dalisor,
Dalron,exact_match,Dalron,
Daluuj,exact_match,Daluuj,
Damendine,exact_match,Damendine,
Damoria,exact_match,Damoria,
Dankayo,exact_match,Dankayo,
Danteel,exact_match,Danteel,
Dantooine,exact_match,Dantooine,
Danuta,exact_match,Danuta,
Darada,exact_match,Darada,
Darek,exact_match,Darek,
Dargulli,exact_match,Dargulli,
Darkknell,exact_match,Darkknell,
Darlyn Boda,exact_match,Darlyn Boda,
Dartessex IV,exact_match,Dartessex IV,
Daruvvia,exact_match,Daruvvia,
Dasoor,exact_match,Dasoor,
Datar,exact_match,Datar,
Dathomir,exact_match,Dathomir,
Daupherm,exact_match,Daupherm,
Davirien,exact_match,Davirien,
Dela,exact_match,Dela,
Delacrix,exact_match,Delacrix,
Delephr,exact_match,Delephr,
Dellalt,exact_match,Dellalt,
Delle,exact_match,Delle,
Delphon,exact_match,Delphon,
Delrakkin,exact_match,Delrakkin,
Deltooine,exact_match,Deltooine,
Deminol,exact_match,Deminol,
Demophon,exact_match,Demophon,
Demos,exact_match,Demos,
Denab,exact_match,Denab,
Denarii Station,exact_match,Denarii Station,
Deneba,exact_match,Deneba,
Denebia,exact_match,Denebia,
Denevar,exact_match,Denevar,
Dennaskar,exact_match,Dennaskar,
Dennogra,exact_match,Dennogra,
Denon,exact_match,Denon,
Denova,exact_match,Denova,
Dentaal,exact_match,Dentaal,
Derellium,exact_match,Derellium,
Derra,exact_match,Derra,
Desevro,exact_match,Desevro,
Devaron,exact_match,Devaron,
Devon,exact_match,Devon,
Deysum,exact_match,Deysum,
Diab,manual_required,,no exact or unique normalized match
Diamal,exact_match,Diamal,
Dica,exact_match,Dica,
Dilbana,exact_match,Dilbana,
Dilonexa,exact_match,Dilonexa,
Din Pulsar,exact_match,Din Pulsar,
Dioll,exact_match,Dioll,
Dirha,exact_match,Dirha,
Divora,exact_match,Divora,
Diyu,exact_match,Diyu,
Djurmo,exact_match,Djurmo,
Doan,manual_required,,no exact or unique normalized match
Dohlban,exact_match,Dohlban,
Dohu,exact_match,Dohu,
Doldrums,exact_match,Doldrums,
Doldur,exact_match,Doldur,
Dolis,exact_match,Dolis,
Dolla,exact_match,Dolla,
Donadus,exact_match,Donadus,
Doniphon,exact_match,Doniphon,
Donovia,exact_match,Donovia,
Doreen,exact_match,Doreen,
Dorin,exact_match,Dorin,
Dorlo,exact_match,Dorlo,
Dornea,exact_match,Dornea,
Dorvalla,exact_match,Dorvalla,
Dosuun,exact_match,Dosuun,
Douglas,exact_match,Douglas,
Dra,exact_match,Dra,
Drackmar,exact_match,Drackmar,
Dractu,exact_match,Dractu,
Dramassia,exact_match,Dramassia,
Draria,exact_match,Draria,
Draukyze,exact_match,Draukyze,
Dravian Station,exact_match,Dravian Station,
Drearia,exact_match,Drearia,
Dreena,exact_match,Dreena,
Dremulae,exact_match,Dremulae,
Dressel,exact_match,Dressel,
Drexel,exact_match,Drexel,
Droecil,exact_match,Droecil,
Drog,exact_match,Drog,
Drogheda,exact_match,Drogheda,
Dromund Kaas,exact_match,Dromund Kaas,
Drongar,exact_match,Drongar,
Droxu,exact_match,Droxu,
Drualkiin,exact_match,Drualkiin,
Druckenwell,exact_match,Druckenwell,
Drurish,manual_required,,no exact or unique normalized match
Du Hutta,exact_match,Du Hutta,
Dubrava,exact_match,Dubrava,
Dubrillion,exact_match,Dubrillion,
Duinarbulon,exact_match,Duinarbulon,
Dulathia,exact_match,Dulathia,
Dulin,exact_match,Dulin,
Dulvoyinn,exact_match,Dulvoyinn,
Durgen's Star,exact_match,Durgen's Star,
Durkteel,exact_match,Durkteel,
Duro,exact_match,Duro,
Duroon,exact_match,Duroon,
Dweem,manual_required,,no exact or unique normalized match
Eadu,exact_match,Eadu,
Eamus,exact_match,Eamus,
Ebaq,exact_match,Ebaq,
Ebra,exact_match,Ebra,
Echnos,exact_match,Echnos,
Eclipse,exact_match,Eclipse,
Ediorung,exact_match,Ediorung,
Edusa,exact_match,Edusa,
Eiattu,exact_match,Eiattu,
Eibon,exact_match,Eibon,
Ejolus,exact_match,Ejolus,
Ekibo,exact_match,Ekibo,
Elamposnia,exact_match,Elamposnia,
Elbara,exact_match,Elbara,
Elgit,exact_match,Elgit,
Eliad,exact_match,Eliad,
Elom,exact_match,Elom,
Elrood,exact_match,Elrood,
Elshandruu Pica,exact_match,Elshandruu Pica,
Emberlene,exact_match,Emberlene,
Emmer,exact_match,Emmer,
Empress Teta,exact_match,Empress Teta,
Enarc,exact_match,Enarc,
Endex,exact_match,Endex,
Endor,exact_match,Endor,
Endor Gate,exact_match,Endor Gate,
Endoraan,exact_match,Endoraan,
Endregaad,exact_match,Endregaad,
Enisca,exact_match,Enisca,
Entralla,exact_match,Entralla,
Entuur,exact_match,Entuur,
Eol Sha,exact_match,Eol Sha,
Epica,exact_match,Epica,
Equanus,exact_match,Equanus,
Er'Kit,exact_match,Er'Kit,
Erai,exact_match,Erai,
Eredenn,exact_match,Eredenn,
Ereesus,exact_match,Ereesus,
Eriadu,exact_match,Eriadu,
Eridicon,exact_match,Eridicon,
Erilnar,exact_match,Erilnar,
Ertegas,exact_match,Ertegas,
Erysthes,exact_match,Erysthes,
Esfandia,exact_match,Esfandia,
Eshan,exact_match,Eshan,
Esseles,exact_match,Esseles,
Ession,exact_match,Ession,
Etti,exact_match,Etti,
Euceron,exact_match,Euceron,
Excarga,exact_match,Excarga,
Exegol,exact_match,Exegol,
Exodeen,exact_match,Exodeen,
Fabrin,exact_match,Fabrin,
Fadden,exact_match,Fadden,
Faldos,exact_match,Faldos,
Falko,exact_match,Falko,
Falleen,exact_match,Falleen,
Far Indosa,exact_match,Far Indosa,
Far Pando,exact_match,Far Pando,
Farana,exact_match,Farana,
Farnica,exact_match,Farnica,
Faro,exact_match,Faro,
Farquar,exact_match,Farquar,
Farrfin,exact_match,Farrfin,
Farstine,exact_match,Farstine,
Farstone,exact_match,Farstone,
Febrini,exact_match,Febrini,
Fedalle,exact_match,Fedalle,
Fedje,exact_match,Fedje,
Feena,exact_match,Feena,
Feenix,exact_match,Feenix,
Feldwes,exact_match,Feldwes,
Felucia,exact_match,Felucia,
Fengrine,exact_match,Fengrine,
Fennesa,exact_match,Fennesa,
Ferro,exact_match,Ferro,
Fest,exact_match,Fest,
Feswe Corridor,exact_match,Feswe Corridor,
Feswe Minor,exact_match,Feswe Minor,
Feswe Prime,exact_match,Feswe Prime,
Fether,exact_match,Fether,
Fibuli,exact_match,Fibuli,
Filordis,exact_match,Filordis,
Firrerre,exact_match,Firrerre,
Florn,exact_match,Florn,
Florrum,exact_match,Florrum,
Fodro,exact_match,Fodro,
Foerost,exact_match,Foerost,
Foless,exact_match,Foless,
Fondor,exact_match,Fondor,
Formos,exact_match,Formos,
Fornax,exact_match,Fornax,
Forsen,exact_match,Forsen,
Foundry,exact_match,Foundry,
Frego,exact_match,Frego,
Fresia,exact_match,Fresia,
Froswythe,exact_match,Froswythe,
Fwatna,exact_match,Fwatna,
Fwillsving,exact_match,Fwillsving,
G'wenee,exact_match,G'wenee,
Gabredor,exact_match,Gabredor,
Gacerian,exact_match,Gacerian,
Gala,exact_match,Gala,
Galactic Center,exact_match,Galactic Center,
Galand,exact_match,Galand,
Galantos,exact_match,Galantos,
Galidraan,exact_match,Galidraan,
Gallinore,exact_match,Gallinore,
Galvoni,exact_match,Galvoni,
Gama,exact_match,Gama,
Gamor,exact_match,Gamor,
Gamorr,exact_match,Gamorr,
Ganath,exact_match,Ganath,
Gand,exact_match,Gand,
Gandeal,exact_match,Gandeal,
Gandolo,exact_match,Gandolo,
Gannaria,exact_match,Gannaria,
Ganthel,exact_match,Ganthel,
Garel,exact_match,Garel,
Gargon,exact_match,Gargon,
Garnib,exact_match,Garnib,
Garos,exact_match,Garos,
Garqi,exact_match,Garqi,
Gaulus,exact_match,Gaulus,
Gaurick,exact_match,Gaurick,
Gavryn,exact_match,Gavryn,
Gbu,exact_match,Gbu,
Gedi,exact_match,Gedi,
Gelda,exact_match,Gelda,
Gelviddis Cluster,exact_match,Gelviddis Cluster,
Genassa,exact_match,Genassa,
Gendrah-Narvin,exact_match,Gendrah-Narvin,
Generis,exact_match,Generis,
Genian,exact_match,Genian,
Genon,exact_match,Genon,
Geonosis,exact_match,Geonosis,
Geris,exact_match,Geris,
Geroon,exact_match,Geroon,
Gerrard,exact_match,Gerrard,
Gerrenthum,exact_match,Gerrenthum,
Gestrex,exact_match,Gestrex,
Gholondreine,exact_match,Gholondreine,
Ghorman,exact_match,Ghorman,
Gibbela,exact_match,Gibbela,
Gigor,exact_match,Gigor,
Giju,exact_match,Giju,
Gilatter,exact_match,Gilatter,
Gizer,exact_match,Gizer,
Glade,exact_match,Glade,
Glee Anselm,exact_match,Glee Anselm,
Glithnos,exact_match,Glithnos,
Glom Tho,exact_match,Glom Tho,
Glottal,exact_match,Glottal,
Golden Nyss,exact_match,Golden Nyss,
Gonmore,exact_match,Gonmore,
Goorla,exact_match,Goorla,
Gorno,exact_match,Gorno,
Goroth,exact_match,Goroth,
Gorse,exact_match,Gorse,
Gorsh,exact_match,Gorsh,
Gos Hutta,exact_match,Gos Hutta,
Grakouine,exact_match,Grakouine,
Grandine,exact_match,Grandine,
Gravan Seven,exact_match,Gravan Seven,
Gravlex Med,exact_match,Gravlex Med,
Gree,exact_match,Gree,
Grizmallt,exact_match,Grizmallt,
Gromas,exact_match,Gromas,
Groth,exact_match,Groth,
Guiteica,exact_match,Guiteica,
Gulma,exact_match,Gulma,
Gulvitch,exact_match,Gulvitch,
Gwori,exact_match,Gwori,
Gyndine,exact_match,Gyndine,
H'ratth,exact_match,H'ratth,
Habassa,exact_match,Habassa,
Had Abbadon,exact_match,Had Abbadon,
Hakassi,exact_match,Hakassi,
Halm,exact_match,Halm,
Halmad,exact_match,Halmad,
Handooine,exact_match,Handooine,
Hapes,exact_match,Hapes,
Har Binande,exact_match,Har Binande,
Harloen,exact_match,Harloen,
Harrin,exact_match,Harrin,
Harterra,exact_match,Harterra,
Haruun Kal,exact_match,Haruun Kal,
Haseria,exact_match,Haseria,
Hast,exact_match,Hast,
Haverling,exact_match,Haverling,
Havricus,exact_match,Havricus,
Heffrin,exact_match,Heffrin,
Helska,exact_match,Helska,
Hemei,exact_match,Hemei,
Hensara,exact_match,Hensara,
Heptalia,exact_match,Heptalia,
Herdessa,exact_match,Herdessa,
Herzob,exact_match,Herzob,
Hestria,exact_match,Hestria,
Hethar,exact_match,Hethar,
Hewett,exact_match,Hewett,
High Chunah,exact_match,High Chunah,
Hiit,exact_match,Hiit,
Hijado,exact_match,Hijado,
Hijarna,exact_match,Hijarna,
Hijo,exact_match,Hijo,
Hillindor,exact_match,Hillindor,
Hilo,exact_match,Hilo,
Hinakuu,exact_match,Hinakuu,
Hirsi,exact_match,Hirsi,
Hishyim,exact_match,Hishyim,
Hjaff,exact_match,Hjaff,
Hok,exact_match,Hok,
Holess,exact_match,Holess,
Hollastin,exact_match,Hollastin,
Honoghr,exact_match,Honoghr,
Horuz,exact_match,Horuz,
Hosko,exact_match,Hosko,
Hosnian Prime,exact_match,Hosnian Prime,
Hosrel,exact_match,Hosrel,
Hoth,exact_match,Hoth,
Houche,exact_match,Houche,
Hovan,exact_match,Hovan,
Hoylin,exact_match,Hoylin,
Huk,exact_match,Huk,
Huldamun,exact_match,Huldamun,
Hull's Star,exact_match,Hull's Star,
Huloon,exact_match,Huloon,
Humbarine,exact_match,Humbarine,
Hutlar,exact_match,Hutlar,
Hyabb,exact_match,Hyabb,
Hynah,exact_match,Hynah,
Hypori,exact_match,Hypori,
Iast,exact_match,Iast,
Ibanjji,exact_match,Ibanjji,
Ichtor,exact_match,Ichtor,
Iego,exact_match,Iego,
Ifmix,exact_match,Ifmix,
Iktotchon,exact_match,Iktotchon,
Iliabath,exact_match,Iliabath,
Illarreen,exact_match,Illarreen,
Illodia,exact_match,Illodia,
Illoud,exact_match,Illoud,
Ilos,exact_match,Ilos,
Ilos Minor,exact_match,Ilos Minor,
Ilum,exact_match,Ilum,
Immalia,exact_match,Immalia,
Imynusoph,exact_match,Imynusoph,
Indellian,exact_match,Indellian,
Indobok,exact_match,Indobok,
Indu San,exact_match,Indu San,
Indupar,exact_match,Indupar,
Ingo,exact_match,Ingo,
Inysh,exact_match,Inysh,
Ione,exact_match,Ione,
Iope,exact_match,Iope,
Iotra,exact_match,Iotra,
Iphigin,exact_match,Iphigin,
Iridium,exact_match,Iridium,
Iridonia,exact_match,Iridonia,
Irith,exact_match,Irith,
Isde Naha,exact_match,Isde Naha,
Iseno,exact_match,Iseno,
Ishanna,exact_match,Ishanna,
Isiring,exact_match,Isiring,
Isis,exact_match,Isis,
Iskalon,exact_match,Iskalon,
Ison,exact_match,Ison,
Issagra,exact_match,Issagra,
Issor,exact_match,Issor,
Itani,exact_match,Itani,
Ithor,exact_match,Ithor,
Ithull,exact_match,Ithull,
Ixtlar,exact_match,Ixtlar,
J't'p'tan,exact_match,J't'p'tan,
Jabiim,exact_match,Jabiim,
Jaciprus,exact_match,Jaciprus,
Jaemus,exact_match,Jaemus,
Jagomir,exact_match,Jagomir,
Jaguada,exact_match,Jaguada,
Jakku,exact_match,Jakku,
Jalarren,exact_match,Jalarren,
Jaminere,exact_match,Jaminere,
Jamiron,exact_match,Jamiron,
Janara,exact_match,Janara,
Jandur,exact_match,Jandur,
JanFathal,exact_match,JanFathal,
Janodral Mizar,exact_match,Janodral Mizar,
Jarnollen,exact_match,Jarnollen,
Jatir,exact_match,Jatir,
Javin,exact_match,Javin,
Jazbina,exact_match,Jazbina,
Jedha,exact_match,Jedha,
Jelucan,exact_match,Jelucan,
Jendorn,exact_match,Jendorn,
Jerne,exact_match,Jerne,
Jerrilek,exact_match,Jerrilek,
Jerrist,exact_match,Jerrist,
Jestan,exact_match,Jestan,
Jeyell,exact_match,Jeyell,
Jilrua,exact_match,Jilrua,
Jiroch,exact_match,Jiroch,
Jodaka,exact_match,Jodaka,
Joiol,exact_match,Joiol,
Jomark,exact_match,Jomark,
Joodrudda,exact_match,Joodrudda,
Jovan,exact_match,Jovan,
Jovaria,exact_match,Jovaria,
Jubilar,exact_match,Jubilar,
Junction,exact_match,Junction,
Junkfort Station,exact_match,Junkfort Station,
Jurzan,exact_match,Jurzan,
Juvex,exact_match,Juvex,
K'ath,exact_match,K'ath,
k'Farri,exact_match,k'Farri,
K'taktaxka,exact_match,K'taktaxka,
Kaal,exact_match,Kaal,
Kabal,exact_match,Kabal,
Kabray,exact_match,Kabray,
Kadavo,exact_match,Kadavo,
Kafane,exact_match,Kafane,
Kaikielius,manual_required,,no exact or unique normalized match
Kail,exact_match,Kail,
Kailor V,manual_required,,no exact or unique normalized match
Kal'Shebbol,exact_match,Kal'Shebbol,
Kalaan,exact_match,Kalaan,
Kalarba,exact_match,Kalarba,
Kalee,exact_match,Kalee,
Kalevala,exact_match,Kalevala,
Kalgo,exact_match,Kalgo,
Kaliida Shoals,exact_match,Kaliida Shoals,
Kalinda,exact_match,Kalinda,
Kalishik,exact_match,Kalishik,
Kalist,exact_match,Kalist,
Kalki Nebula,exact_match,Kalki Nebula,
Kalkovak,exact_match,Kalkovak,
Kalla,exact_match,Kalla,
Kalsunor,exact_match,Kalsunor,
Kamar,exact_match,Kamar,
Kamdon,exact_match,Kamdon,
Kamino,exact_match,Kamino,
Kamur,exact_match,Kamur,
Kanaver,exact_match,Kanaver,
Kaon,exact_match,Kaon,
Karazak,exact_match,Karazak,
Kardura,exact_match,Kardura,
Karfeddion,exact_match,Karfeddion,
Karideph,exact_match,Karideph,
Karlinus,exact_match,Karlinus,
Karra,exact_match,Karra,
Karsten's World,exact_match,Karsten's World,
Karvoss,exact_match,Karvoss,
Kashyyyk,exact_match,Kashyyyk,
Kassido,exact_match,Kassido,
Katarr,exact_match,Katarr,
Kath,exact_match,Kath,
Katraasii,manual_required,,no exact or unique normalized match
Kattada,exact_match,Kattada,
Kayri,exact_match,Kayri,
Kedorzha,exact_match,Kedorzha,
Keeara Major,exact_match,Keeara Major,
Keeper's World,manual_required,,no exact or unique normalized match
Kegan,exact_match,Kegan,
Keitum,exact_match,Keitum,
Kelada,exact_match,Kelada,
Keldooine,exact_match,Keldooine,
Kelrodo-Ai,exact_match,Kelrodo-Ai,
Kemal Station,exact_match,Kemal Station,
Kerkoidia,exact_match,Kerkoidia,
Kesh,exact_match,Kesh,
Keskin,exact_match,Keskin,
Kesmere,exact_match,Kesmere,
Kesmere Minor,exact_match,Kesmere Minor,
Kessel,exact_match,Kessel,
Ket,exact_match,Ket,
Ketal,exact_match,Ketal,
Ketaris,exact_match,Ketaris,
Khar Delba,exact_match,Khar Delba,
Khomm,exact_match,Khomm,
Khubeaie,exact_match,Khubeaie,
Kidiet Olgo,exact_match,Kidiet Olgo,
Kidriff,exact_match,Kidriff,
Kiffu,exact_match,Kiffu,
Kijimi,manual_required,,no exact or unique normalized match
Kile,exact_match,Kile,
Kimm Aurek,exact_match,Kimm Aurek,
Kimm Besh,exact_match,Kimm Besh,
Kimm Cresh,exact_match,Kimm Cresh,
Kinooine,exact_match,Kinooine,
Kinoss,exact_match,Kinoss,
Kinyen,exact_match,Kinyen,
Kir,exact_match,Kir,
Kira,exact_match,Kira,
Kirdo,exact_match,Kirdo,
Kiribi,exact_match,Kiribi,
Kiros,exact_match,Kiros,
Kirtania,exact_match,Kirtania,
Kirtarkin,exact_match,Kirtarkin,
Kitel Phard,exact_match,Kitel Phard,
Kiva,exact_match,Kiva,
Klasse Ephemora,exact_match,Klasse Ephemora,
Klatooine,exact_match,Klatooine,
Kleeva,exact_match,Kleeva,
Kli'aar,exact_match,Kli'aar,
Kloper,exact_match,Kloper,
Kluistar,exact_match,Kluistar,
Knolstee,exact_match,Knolstee,
Knores,exact_match,Knores,
Koba,exact_match,Koba,
Kobaria,exact_match,Kobaria,
Koda Station,exact_match,Koda Station,
Kodai,exact_match,Kodai,
Koensayr,exact_match,Koensayr,
Koiogra,exact_match,Koiogra,
Kokash,exact_match,Kokash,
Kol Huro,exact_match,Kol Huro,
Kolanda Station,exact_match,Kolanda Station,
Komnor,exact_match,Komnor,
Kooriva,exact_match,Kooriva,
Kor Anjiliac,exact_match,Kor Anjiliac,
Kor Besadii,exact_match,Kor Besadii,
Kor Desilijic,exact_match,Kor Desilijic,
Kor Gejalli,exact_match,Kor Gejalli,
Kor Hestilic,exact_match,Kor Hestilic,
Kor Hunamma,exact_match,Kor Hunamma,
Kor Jiramma,exact_match,Kor Jiramma,
Kor Nasirii,exact_match,Kor Nasirii,
Kor Nijiladii,exact_match,Kor Nijiladii,
Kor Oktanivii,exact_match,Kor Oktanivii,
Kor Trinivii,exact_match,Kor Trinivii,
Kor Usilic,exact_match,Kor Usilic,
Kor Utoradii,exact_match,Kor Utoradii,
Kor Vosadii,exact_match,Kor Vosadii,
Korbin,exact_match,Korbin,
Korda Six,exact_match,Korda Six,
Korev VII,exact_match,Korev VII,
Korfo,exact_match,Korfo,
Korphir,exact_match,Korphir,
Korriban,exact_match,Korriban,
Korriz,exact_match,Korriz,
Korvaii,exact_match,Korvaii,
Kothlis,exact_match,Kothlis,
Kowak,exact_match,Kowak,
Krann,exact_match,Krann,
Krant,exact_match,Krant,
Krayiss,exact_match,Krayiss,
Kril'Dor,exact_match,Kril'Dor,
Krinemonen,exact_match,Krinemonen,
Kriselist,exact_match,Kriselist,
Kroctar,exact_match,Kroctar,
Kromus,exact_match,Kromus,
Krownest,manual_required,,no exact or unique normalized match
Krylon,exact_match,Krylon,
Ktil,exact_match,Ktil,
Kuar,exact_match,Kuar,
Kuat,exact_match,Kuat,
Kubindi,exact_match,Kubindi,
Kumru,exact_match,Kumru,
Kuna's Eye,exact_match,Kuna's Eye,
Kuna's Fist,exact_match,Kuna's Fist,
Kuna's Horn,exact_match,Kuna's Horn,
Kuna's Tail,exact_match,Kuna's Tail,
Kuna's Tooth,exact_match,Kuna's Tooth,
Kushibah,exact_match,Kushibah,
Kwenn,exact_match,Kwenn,
Kwevron,exact_match,Kwevron,
Kwookrrr,exact_match,Kwookrrr,
Laakteen Depot,exact_match,Laakteen Depot,
Laboi II,manual_required,,no exact or unique normalized match
Ladarra,exact_match,Ladarra,
Laertos,exact_match,Laertos,
Lafra,exact_match,Lafra,
Lah'mu,exact_match,Lah'mu,
Lahag Erli,exact_match,Lahag Erli,
Lahsbane,exact_match,Lahsbane,
Lalmy'ash,exact_match,Lalmy'ash,
Lamaredd,exact_match,Lamaredd,
Langoona,exact_match,Langoona,
Lankashiir,exact_match,Lankashiir,
Lannik,exact_match,Lannik,
Lansono,exact_match,Lansono,
Lant,exact_match,Lant,
Lanteeb,exact_match,Lanteeb,
Lanthe,exact_match,Lanthe,
Lantillies,exact_match,Lantillies,
Las Lagon,exact_match,Las Lagon,
Lasan,exact_match,Lasan,
Lavisar,exact_match,Lavisar,
Lazerian,exact_match,Lazerian,
Lekua,exact_match,Lekua,
Lelmra,exact_match,Lelmra,
Lemmi,exact_match,Lemmi,
Lenico IV,exact_match,Lenico IV,
Lequabis,exact_match,Lequabis,
Leria Kerlsil,exact_match,Leria Kerlsil,
Leritor,exact_match,Leritor,
Lettow,exact_match,Lettow,
Levian,exact_match,Levian,
Lexrul,exact_match,Lexrul,
Lialic,exact_match,Lialic,
Lianna,exact_match,Lianna,
Linuri,exact_match,Linuri,
Lipsec,exact_match,Lipsec,
Lirra,exact_match,Lirra,
Listehol,exact_match,Listehol,
Little Capella,exact_match,Little Capella,
Little Kessel,exact_match,Little Kessel,
Little Talhovi,exact_match,Little Talhovi,
Livien,exact_match,Livien,
Llanic,exact_match,Llanic,
Llon Nebulae,exact_match,Llon Nebulae,
Lo'Uran,exact_match,Lo'Uran,
Loedorvia,exact_match,Loedorvia,
Lohopa,exact_match,Lohopa,
Lok,exact_match,Lok,
Lola Sayu,exact_match,Lola Sayu,
Lolnar,exact_match,Lolnar,
Lonnaw,exact_match,Lonnaw,
Loovria,exact_match,Loovria,
Lorahns,exact_match,Lorahns,
Loretto,exact_match,Loretto,
Loronar,exact_match,Loronar,
Lorrd,exact_match,Lorrd,
Lorta,exact_match,Lorta,
Lothal,exact_match,Lothal,
Lotho Minor,exact_match,Lotho Minor,
Lovola,exact_match,Lovola,
Low'n,exact_match,Low'n,
Lowick,exact_match,Lowick,
Lucazec,exact_match,Lucazec,
Lujo,exact_match,Lujo,
Lur,exact_match,Lur,
Lutrillia,exact_match,Lutrillia,
Lwhekk,exact_match,Lwhekk,
Lyran,exact_match,Lyran,
Lythos,exact_match,Lythos,
M'haeli,exact_match,M'haeli,
M'Hanna,exact_match,M'Hanna,
Ma'ar Shaddam,exact_match,Ma'ar Shaddam,
Maires,exact_match,Maires,
Majoor,exact_match,Majoor,
Makeb,exact_match,Makeb,
Makem Te,exact_match,Makem Te,
Malachor,exact_match,Malachor,
Malador,exact_match,Malador,
Malagarr,exact_match,Malagarr,
Malastare,exact_match,Malastare,
Maldra,exact_match,Maldra,
Malestrom Nebula,exact_match,Malestrom Nebula,
Mall'ordian,exact_match,Mall'ordian,
Malrev IV,exact_match,Malrev IV,
Maltha Obex,exact_match,Maltha Obex,
Mamendin,exact_match,Mamendin,
Manaan,exact_match,Manaan,
Manda,exact_match,Manda,
Mandalore,exact_match,Mandalore,
Mandell,exact_match,Mandell,
Manforgon,exact_match,Manforgon,
Mannova,exact_match,Mannova,
Manpha,exact_match,Manpha,
Manress,exact_match,Manress,
Mantan,exact_match,Mantan,
Mantessa,exact_match,Mantessa,
Mantooine,exact_match,Mantooine,
Manwess,exact_match,Manwess,
Maridun,exact_match,Maridun,
Markbee's Star,exact_match,Markbee's Star,
Marmoth,exact_match,Marmoth,
Marquarra,exact_match,Marquarra,
Marrovia,exact_match,Marrovia,
Maryo,exact_match,Maryo,
Marzoon,exact_match,Marzoon,
Masterra,exact_match,Masterra,
Mataou,exact_match,Mataou,
Matra,exact_match,Matra,
Mattri,exact_match,Mattri,
Mawan,exact_match,Mawan,
Maya Kovel,exact_match,Maya Kovel,
Mayvitch,exact_match,Mayvitch,
Meastrinnar,exact_match,Meastrinnar,
Mechis III,exact_match,Mechis III,
Media,exact_match,Media,
Medth,exact_match,Medth,
Mek va Uil,exact_match,Mek va Uil,
Melnea's World,exact_match,Melnea's World,
Mendicat,exact_match,Mendicat,
Mephout,exact_match,Mephout,
Merakai,exact_match,Merakai,
Merren,exact_match,Merren,
Merson,exact_match,Merson,
Meryx Minor,exact_match,Meryx Minor,
Messert,exact_match,Messert,
Metalorn,exact_match,Metalorn,
Metellos,exact_match,Metellos,
Mev,exact_match,Mev,
Mexeluine,exact_match,Mexeluine,
Mijos,exact_match,Mijos,
Mika,exact_match,Mika,
Milagro,exact_match,Milagro,
Milarian,exact_match,Milarian,
Millinar,exact_match,Millinar,
Milvayne,exact_match,Milvayne,
Mimban,exact_match,Mimban,
Minashee,exact_match,Minashee,
Mindabaal,exact_match,Mindabaal,
Mindor,exact_match,Mindor,
Minntooine,exact_match,Minntooine,
Mirial,exact_match,Mirial,
Miztoc,exact_match,Miztoc,
Modus,exact_match,Modus,
Mogoshyn,exact_match,Mogoshyn,
Mokk IX,exact_match,Mokk IX,
Molavar,exact_match,Molavar,
Moltok,exact_match,Moltok,
Momansi,exact_match,Momansi,
Mon Calamari,exact_match,Mon Calamari,
Mon Gazza,exact_match,Mon Gazza,
Monastery,exact_match,Monastery,
Mondress,exact_match,Mondress,
Monhudle,exact_match,Monhudle,
Monor,exact_match,Monor,
Montitia,exact_match,Montitia,
Moonus,exact_match,Moonus,
Moorja,exact_match,Moorja,
Moralan,exact_match,Moralan,
Mordagon,exact_match,Mordagon,
Morellia,exact_match,Morellia,
Morishim,exact_match,Morishim,
Mortis,exact_match,Mortis,
Mossak,exact_match,Mossak,
Motexx,exact_match,Motexx,
Mrlsst,exact_match,Mrlsst,
Msst,exact_match,Msst,
Mugaar,exact_match,Mugaar,
Mulatan,exact_match,Mulatan,
Mullan,exact_match,Mullan,
Munto Codru,exact_match,Munto Codru,
Murgo,exact_match,Murgo,
Murk,exact_match,Murk,
Murkhana,exact_match,Murkhana,
Mussubir,exact_match,Mussubir,
Mustafar,exact_match,Mustafar,
Muunilinst,exact_match,Muunilinst,
Muzara,exact_match,Muzara,
Mygeeto,exact_match,Mygeeto,
Myomar,exact_match,Myomar,
Myrkr,exact_match,Myrkr,
Mytaranor,exact_match,Mytaranor,
Mytus,exact_match,Mytus,
N'Zoth,exact_match,N'Zoth,
Naalol,exact_match,Naalol,
Naboo,exact_match,Naboo,
Nadiem,exact_match,Nadiem,
Najarka,exact_match,Najarka,
Najiba,exact_match,Najiba,
Nal Hutta & Nar Shaddaa,exact_match,Nal Hutta & Nar Shaddaa,
Nam Chorios,exact_match,Nam Chorios,
Nam'ta,exact_match,Nam'ta,
Namadii,exact_match,Namadii,
Nantama,exact_match,Nantama,
Nanth'ri,exact_match,Nanth'ri,
Nantuker,exact_match,Nantuker,
Naos,exact_match,Naos,
Naporar,exact_match,Naporar,
Nar Bo Sholla,exact_match,Nar Bo Sholla,
Nar Chunna,exact_match,Nar Chunna,
Nar Haaska,exact_match,Nar Haaska,
Nar Kaaga,exact_match,Nar Kaaga,
Nar Kreeta,exact_match,Nar Kreeta,
Nara,exact_match,Nara,
Nars,exact_match,Nars,
Natalon,exact_match,Natalon,
Nathema,exact_match,Nathema,
Nazzri,exact_match,Nazzri,
Near Indosa,exact_match,Near Indosa,
Near Pando,exact_match,Near Pando,
Nedij,exact_match,Nedij,
Needan,exact_match,Needan,
Neelanon,exact_match,Neelanon,
Neelgaimon,exact_match,Neelgaimon,
Neimoidia,exact_match,Neimoidia,
Nelvaan,exact_match,Nelvaan,
Nentan,exact_match,Nentan,
Nepoy,exact_match,Nepoy,
Neshtab,exact_match,Neshtab,
Nessem,exact_match,Nessem,
New Alderaan,exact_match,New Alderaan,
New Apsolon,exact_match,New Apsolon,
New Ator,exact_match,New Ator,
New Bakstre,exact_match,New Bakstre,
New Balosar,exact_match,New Balosar,
New Cov,exact_match,New Cov,
New Cylimba,exact_match,New Cylimba,
New Heurkea,exact_match,New Heurkea,
New Holstice,exact_match,New Holstice,
Nexus Ortai,exact_match,Nexus Ortai,
Nez Peron,exact_match,Nez Peron,
Nfolgai,exact_match,Nfolgai,
Nicht Ka,exact_match,Nicht Ka,
Nierport,exact_match,Nierport,
Nigel,exact_match,Nigel,
Nim Drovis,exact_match,Nim Drovis,
Nimat,exact_match,Nimat,
Nimban,exact_match,Nimban,
Nimia,exact_match,Nimia,
Ninn,exact_match,Ninn,
Ninzan,exact_match,Ninzan,
Nirauan,exact_match,Nirauan,
Nivek,exact_match,Nivek,
Nixor,exact_match,Nixor,
Nkllon,exact_match,Nkllon,
Noe'ha'on,exact_match,Noe'ha'on,
Nooli,exact_match,Nooli,
Noonar,exact_match,Noonar,
Noquivzor,exact_match,Noquivzor,
Norah,exact_match,Norah,
Noris,exact_match,Noris,
Norkronia,exact_match,Norkronia,
Norval,exact_match,Norval,
Nothoiin,exact_match,Nothoiin,
Nouane,exact_match,Nouane,
Novi,exact_match,Novi,
Nubia,exact_match,Nubia,
Null,exact_match,Null,
Nuralee,exact_match,Nuralee,
Nuswatta,exact_match,Nuswatta,
Nuvar,exact_match,Nuvar,
Nyny,exact_match,Nyny,
Oba Diah,manual_required,,no exact or unique normalized match
Obana,exact_match,Obana,
Obredaan,exact_match,Obredaan,
Obroa-skai,exact_match,Obroa-skai,
Ocsin,exact_match,Ocsin,
Odacer-Faustin,exact_match,Odacer-Faustin,
Odik,exact_match,Odik,
Ogem,exact_match,Ogem,
OHS1782-03,exact_match,OHS1782-03,
OHS2132-04,exact_match,OHS2132-04,
OHS3842-03,exact_match,OHS3842-03,
OHS4140-02,exact_match,OHS4140-02,
Ojom,exact_match,Ojom,
Old Mankoo,exact_match,Old Mankoo,
Omar,exact_match,Omar,
Omonoth,exact_match,Omonoth,
Ompersan,exact_match,Ompersan,
Omwat,exact_match,Omwat,
Onderon & Dxun,exact_match,Onderon & Dxun,
Ool,exact_match,Ool,
Ooo-temiuk,exact_match,Ooo-temiuk,
Oovo,exact_match,Oovo,
Ophideraan,exact_match,Ophideraan,
Opiteihr,exact_match,Opiteihr,
Orax,exact_match,Orax,
Ord Antalaha,exact_match,Ord Antalaha,
Ord Biniir,exact_match,Ord Biniir,
Ord Canfre,exact_match,Ord Canfre,
Ord Cantrell,exact_match,Ord Cantrell,
Ord Cestus,exact_match,Ord Cestus,
Ord Grovner,exact_match,Ord Grovner,
Ord Ibanna,exact_match,Ord Ibanna,
Ord Lithone,exact_match,Ord Lithone,
Ord Mantell,exact_match,Ord Mantell,
Ord Mirit,exact_match,Ord Mirit,
Ord Pardron,exact_match,Ord Pardron,
Ord Radama,exact_match,Ord Radama,
Ord Sedra,exact_match,Ord Sedra,
Ord Sigatt,exact_match,Ord Sigatt,
Ord Tessebok,exact_match,Ord Tessebok,
Ord Thoden,exact_match,Ord Thoden,
Ord Tiddell,exact_match,Ord Tiddell,
Ord Trasi,exact_match,Ord Trasi,
Ord Varee,exact_match,Ord Varee,
Ord Vaug,exact_match,Ord Vaug,
Ord Vaxal,exact_match,Ord Vaxal,
Ordo,exact_match,Ordo,
Orelon,exact_match,Orelon,
Oricon,exact_match,Oricon,
Orinda,exact_match,Orinda,
Orleon,exact_match,Orleon,
Orn Kios,exact_match,Orn Kios,
Ornfra,exact_match,Ornfra,
Orondia,exact_match,Orondia,
Orron,exact_match,Orron,
Orto,manual_required,,no exact or unique normalized match
Orto Plutonia,exact_match,Orto Plutonia,
Orvax,exact_match,Orvax,
Osadia,exact_match,Osadia,
Oseon,exact_match,Oseon,
Oslumpex,exact_match,Oslumpex,
Osmani,exact_match,Osmani,
Ossel,exact_match,Ossel,
Ossiathora,exact_match,Ossiathora,
Osssorck Nebulae,exact_match,Osssorck Nebulae,
Ossus,exact_match,Ossus,
Ota,exact_match,Ota,
Ottabesk,exact_match,Ottabesk,
Outland Transit,exact_match,Outland Transit,
Ovise,exact_match,Ovise,
Oyokal,exact_match,Oyokal,
Ozu,exact_match,Ozu,
Pa Tho,exact_match,Pa Tho,
Pakuuni,exact_match,Pakuuni,
Palanhi,exact_match,Palanhi,
Palawa,exact_match,Palawa,
Pallaxides,exact_match,Pallaxides,
Pammant,exact_match,Pammant,
Pamorjal,exact_match,Pamorjal,
Panatha,exact_match,Panatha,
Pantolomin,exact_match,Pantolomin,
Pantora,exact_match,Pantora,
Paonid,exact_match,Paonid,
Paqualis III,exact_match,Paqualis III,
Paqwepor Major,exact_match,Paqwepor Major,
Parada,exact_match,Parada,
Paramatan,exact_match,Paramatan,
Parcellus Minor,manual_required,,no exact or unique normalized match
Parkis,exact_match,Parkis,
Parshoone,exact_match,Parshoone,
Parthovian Cluster,exact_match,Parthovian Cluster,
Pasaana,manual_required,,no exact or unique normalized match
Pasmin,exact_match,Pasmin,
Patitite Pattuna,exact_match,Patitite Pattuna,
Paulking,exact_match,Paulking,
Pavo Prime,exact_match,Pavo Prime,
Pax,exact_match,Pax,
Peg Shar,exact_match,Peg Shar,
Pencael,exact_match,Pencael,
Pendari,exact_match,Pendari,
Pengalan,exact_match,Pengalan,
Per Lupelo,exact_match,Per Lupelo,
Peragus II,exact_match,Peragus II,
Pergitor,exact_match,Pergitor,
Perin,exact_match,Perin,
Perithal VI,exact_match,Perithal VI,
Perma,exact_match,Perma,
Pesfavri,exact_match,Pesfavri,
Pesmenben,exact_match,Pesmenben,
Petabys Station,exact_match,Petabys Station,
Phaeda,exact_match,Phaeda,
Phaegon_III,exact_match,Phaegon_III,
Phaseera,exact_match,Phaseera,
Phateem,exact_match,Phateem,
Phelope,exact_match,Phelope,
Phindar,exact_match,Phindar,
Pho Ph'eah,exact_match,Pho Ph'eah,
Phu,exact_match,Phu,
Pieldi,exact_match,Pieldi,
Pii,exact_match,Pii,
Pinperu,exact_match,Pinperu,
Pirin,exact_match,Pirin,
Piroket,exact_match,Piroket,
Pirralor,exact_match,Pirralor,
Pitrolea,exact_match,Pitrolea,
Pizilis,exact_match,Pizilis,
Plesstil,exact_match,Plesstil,
Plexis,exact_match,Plexis,
Ploo,exact_match,Ploo,
Plooma,exact_match,Plooma,
Pluthan,exact_match,Pluthan,
Plympto,manual_required,,no exact or unique normalized match
Poderis,exact_match,Poderis,
Polis Massa,exact_match,Polis Massa,
Pollillus,exact_match,Pollillus,
Polmanar,exact_match,Polmanar,
Poln System,exact_match,Poln System,
Polus,exact_match,Polus,
Pondut Station,exact_match,Pondut Station,
Porchello,exact_match,Porchello,
Port Evokk,exact_match,Port Evokk,
Porus Vida,exact_match,Porus Vida,
Poseidenna,exact_match,Poseidenna,
Povanaria,exact_match,Povanaria,
Poviduze,exact_match,Poviduze,
Poytta,exact_match,Poytta,
Praadost,exact_match,Praadost,
Praesitlyn,exact_match,Praesitlyn,
Prakith,exact_match,Prakith,
Prazhi,exact_match,Prazhi,
Prefsbelt,exact_match,Prefsbelt,
Presbalin,exact_match,Presbalin,
Presteen,exact_match,Presteen,
Pria,exact_match,Pria,
Primus Goluud,exact_match,Primus Goluud,
Prishella,exact_match,Prishella,
Pusat Station,exact_match,Pusat Station,
Pybus,exact_match,Pybus,
Pygorix,exact_match,Pygorix,
Pypin,exact_match,Pypin,
Pzob,exact_match,Pzob,
Q'mara,exact_match,Q'mara,
Qat Chrystac,exact_match,Qat Chrystac,
Qiilura,exact_match,Qiilura,
Qina,exact_match,Qina,
Qonto,exact_match,Qonto,
Quaensan Prime,exact_match,Quaensan Prime,
Quamar,exact_match,Quamar,
Quarzite,exact_match,Quarzite,
Quas Killam,exact_match,Quas Killam,
Quelii,exact_match,Quelii,
Quell,exact_match,Quell,
Quellor,exact_match,Quellor,
Quermia,exact_match,Quermia,
Ques,exact_match,Ques,
Quesaya,exact_match,Quesaya,
Quesh,exact_match,Quesh,
Questal,exact_match,Questal,
Queyta,exact_match,Queyta,
Quintas,exact_match,Quintas,
R'alla,exact_match,R'alla,
R-Duba,exact_match,R-Duba,
Radnor,exact_match,Radnor,
Rafa,exact_match,Rafa,
Ragith,exact_match,Ragith,
Ragna,exact_match,Ragna,
Rago,exact_match,Rago,
Ragoon,exact_match,Ragoon,
Rainboh,exact_match,Rainboh,
Rainos CLuster,exact_match,Rainos CLuster,
Raithal,exact_match,Raithal,
Rakata Prime,exact_match,Rakata Prime,
Rakhuuun,exact_match,Rakhuuun,
Ralltiir,exact_match,Ralltiir,
Ramordia,exact_match,Ramordia,
Rampa,exact_match,Rampa,
Rampa Minor,exact_match,Rampa Minor,
Randon,exact_match,Randon,
Rannon,exact_match,Rannon,
Ranroon,exact_match,Ranroon,
Rasterous,exact_match,Rasterous,
Rattatak,exact_match,Rattatak,
Raxus,exact_match,Raxus,
Raxxa,exact_match,Raxxa,
Raydonia,exact_match,Raydonia,
Rbollea,exact_match,Rbollea,
Rearqu Cluster,exact_match,Rearqu Cluster,
Reboam,exact_match,Reboam,
Recopia,exact_match,Recopia,
Red Nebula,exact_match,Red Nebula,
Reecee,exact_match,Reecee,
Refnar,exact_match,Refnar,
Reginard,exact_match,Reginard,
Rehemsa,exact_match,Rehemsa,
Rekkiad,exact_match,Rekkiad,
Relatta,exact_match,Relatta,
Relephon,exact_match,Relephon,
Reltooine,exact_match,Reltooine,
Renatasia,exact_match,Renatasia,
Rendili,exact_match,Rendili,
Renillis,exact_match,Renillis,
Rentor,exact_match,Rentor,
Resht,exact_match,Resht,
Resti Kel,exact_match,Resti Kel,
Retep,exact_match,Retep,
Rettna,exact_match,Rettna,
Reuss,exact_match,Reuss,
Revyia,exact_match,Revyia,
Reytha,exact_match,Reytha,
Rhelg,exact_match,Rhelg,
Rhen Var,exact_match,Rhen Var,
Rhigar,exact_match,Rhigar,
Rhinnal,exact_match,Rhinnal,
Rhommamool,exact_match,Rhommamool,
Riflor,exact_match,Riflor,
Riileb,exact_match,Riileb,
Rimcee Station,exact_match,Rimcee Station,
Rindao,exact_match,Rindao,
Ring of Kafrene,exact_match,Ring of Kafrene,
Ringneldia,exact_match,Ringneldia,
Ringo Vinda,exact_match,Ringo Vinda,
Rinn,exact_match,Rinn,
Rintonne,exact_match,Rintonne,
Rishi,exact_match,Rishi,
Rnda,exact_match,Rnda,
Roche,exact_match,Roche,
Rodia,exact_match,Rodia,
Roldalna,exact_match,Roldalna,
Romin,exact_match,Romin,
Rondai,exact_match,Rondai,
Ronyards,exact_match,Ronyards,
Roon,exact_match,Roon,
Roona,exact_match,Roona,
Ropagi,exact_match,Ropagi,
Roqoo Depot,exact_match,Roqoo Depot,
Rorak,exact_match,Rorak,
Rorgam,exact_match,Rorgam,
Rothana,exact_match,Rothana,
Roundtree,exact_match,Roundtree,
Roxuli,exact_match,Roxuli,
Rrulinn,exact_match,Rrulinn,
Ruan,exact_match,Ruan,
Rudrig,exact_match,Rudrig,
Rugosa,exact_match,Rugosa,
Ruisto,exact_match,Ruisto,
Rulaar,exact_match,Rulaar,
Runaway Prince,exact_match,Runaway Prince,
Rustibar,exact_match,Rustibar,
Rutan,exact_match,Rutan,
Ruul,exact_match,Ruul,
Ruuria,exact_match,Ruuria,
Ruusan,exact_match,Ruusan,
Rydonni Prime,exact_match,Rydonni Prime,
Ryloon,exact_match,Ryloon,
Ryloth,exact_match,Ryloth,
Ryndellia,exact_match,Ryndellia,
Rynmar,exact_match,Rynmar,
Ryoone,exact_match,Ryoone,
Ryvellia,exact_match,Ryvellia,
Saclas,exact_match,Saclas,
Sacorria,exact_match,Sacorria,
Saffalore,exact_match,Saffalore,
Sagar,exact_match,Sagar,
Saijo,exact_match,Saijo,
Saila Na,exact_match,Saila Na,
Sakidopa,exact_match,Sakidopa,
Sakiduba,exact_match,Sakiduba,
Sakifwanna,exact_match,Sakifwanna,
Sakiya,exact_match,Sakiya,
Saleucami,exact_match,Saleucami,
Salient,exact_match,Salient,
Salin,exact_match,Salin,
Salliche,exact_match,Salliche,
Salvara,exact_match,Salvara,
Samaria,exact_match,Samaria,
Sanbra,exact_match,Sanbra,
Sanctuary,exact_match,Sanctuary,
Sanjin,exact_match,Sanjin,
Sanrafsix,exact_match,Sanrafsix,
Sanyassa,exact_match,Sanyassa,
Sanza,exact_match,Sanza,
Saqqar,exact_match,Saqqar,
Sarapin,exact_match,Sarapin,
Sargon,exact_match,Sargon,
Sarka,exact_match,Sarka,
Sarko,exact_match,Sarko,
Sarrish,exact_match,Sarrish,
Sarvchi,exact_match,Sarvchi,
Savareen,exact_match,Savareen,
Scardia,exact_match,Scardia,
Scarif,exact_match,Scarif,
Schesa,exact_match,Schesa,
Scillal,exact_match,Scillal,
Scipio,exact_match,Scipio,
Sedesia,exact_match,Sedesia,
Sedratis,exact_match,Sedratis,
Seelos,exact_match,Seelos,
Selab,exact_match,Selab,
Selenius,exact_match,Selenius,
Seline,exact_match,Seline,
Selitan,exact_match,Selitan,
Selsor,exact_match,Selsor,
Seltos,exact_match,Seltos,
Selvaris,exact_match,Selvaris,
Sembla,exact_match,Sembla,
Senex,exact_match,Senex,
Sennex,exact_match,Sennex,
Seoul,exact_match,Seoul,
Sepan,exact_match,Sepan,
Serat,exact_match,Serat,
Serenno,exact_match,Serenno,
Sermeria,exact_match,Sermeria,
Sernpidal,exact_match,Sernpidal,
Serroco,exact_match,Serroco,
Sestria,exact_match,Sestria,
Sev Tok,exact_match,Sev Tok,
Sevarcos,exact_match,Sevarcos,
Seyugi,exact_match,Seyugi,
Shadda-Bi Boran,exact_match,Shadda-Bi Boran,
Shador,exact_match,Shador,
Shalam,exact_match,Shalam,
Sharb,exact_match,Sharb,
Sharlissia,exact_match,Sharlissia,
Shasfath,exact_match,Shasfath,
Shaum Hii,exact_match,Shaum Hii,
Shawken,exact_match,Shawken,
Shaylin,exact_match,Shaylin,
Shedu Maad,exact_match,Shedu Maad,
Shelkonwa,exact_match,Shelkonwa,
Shibric,exact_match,Shibric,
Shiffrin,exact_match,Shiffrin,
Shihon,exact_match,Shihon,
Shili,exact_match,Shili,
Shimia,exact_match,Shimia,
Shinbone,exact_match,Shinbone,
Shiva,exact_match,Shiva,
Shola,exact_match,Shola,
Shoon,exact_match,Shoon,
Shuldene,exact_match,Shuldene,
Shulstine,exact_match,Shulstine,
Shulxi,exact_match,Shulxi,
Shumavar,exact_match,Shumavar,
Shumogi,exact_match,Shumogi,
Shusugaunt,exact_match,Shusugaunt,
Shuxl,exact_match,Shuxl,
Sif-Uwana,exact_match,Sif-Uwana,
Sika,exact_match,Sika,
Sikurd,exact_match,Sikurd,
Sil'Lume,exact_match,Sil'Lume,
Silken,exact_match,Silken,
Simoom,exact_match,Simoom,
Simpla,exact_match,Simpla,
Sinsang,exact_match,Sinsang,
Sinta,manual_required,,no exact or unique normalized match
Sinton,exact_match,Sinton,
Sionia,exact_match,Sionia,
Sirpar,exact_match,Sirpar,
Siskeen,exact_match,Siskeen,
Sivoria,exact_match,Sivoria,
Skako,exact_match,Skako,
Skartis,exact_match,Skartis,
Skeebo,exact_match,Skeebo,
Skor,exact_match,Skor,
Skorrupon,exact_match,Skorrupon,
Skustell Cluster,exact_match,Skustell Cluster,
Skye,exact_match,Skye,
Skynara,exact_match,Skynara,
Sleheyron,exact_match,Sleheyron,
Sluis Van,exact_match,Sluis Van,
Smarteel,exact_match,Smarteel,
Smuggler's Run,exact_match,Smuggler's Run,
Sneeve,exact_match,Sneeve,
Sochi,exact_match,Sochi,
Socorro,exact_match,Socorro,
Solibus,exact_match,Solibus,
Somov Rit,exact_match,Somov Rit,
Sorjus,exact_match,Sorjus,
Sorrus,exact_match,Sorrus,
Soullex,exact_match,Soullex,
Soun,exact_match,Soun,
Spefik,exact_match,Spefik,
Spice Terminus,exact_match,Spice Terminus,
Spintir,exact_match,Spintir,
Spira,exact_match,Spira,
Spirador,exact_match,Spirador,
Spirana,exact_match,Spirana,
Sposia,exact_match,Sposia,
Sriluur,exact_match,Sriluur,
Stalsinek,exact_match,Stalsinek,
StarForge Nebula,exact_match,StarForge Nebula,
Starswarm Cluster,exact_match,Starswarm Cluster,
Stassia,exact_match,Stassia,
Station 88,exact_match,Station 88,
Steelious,exact_match,Steelious,
Stend,exact_match,Stend,
Stenos,exact_match,Stenos,
Stobar,exact_match,Stobar,
Stygeon Prime,exact_match,Stygeon Prime,
Suarbi,exact_match,Suarbi,
Subterrel,exact_match,Subterrel,
Sukkult,exact_match,Sukkult,
Suliana,exact_match,Suliana,
Sullust,exact_match,Sullust,
Sump,exact_match,Sump,
Surcaris,exact_match,Surcaris,
Surron,exact_match,Surron,
Svivren,exact_match,Svivren,
Svolten,exact_match,Svolten,
Swellen,exact_match,Swellen,
Sy Myrth,exact_match,Sy Myrth,
Symbia,exact_match,Symbia,
Syned,exact_match,Syned,
Syngia,exact_match,Syngia,
Syvris,exact_match,Syvris,
T'surr,exact_match,T'surr,
Taanab,exact_match,Taanab,
Taboon,exact_match,Taboon,
Takodana,exact_match,Takodana,
Tal Nami,exact_match,Tal Nami,
Tala,exact_match,Tala,
Talasea,exact_match,Talasea,
Talay,exact_match,Talay,
Talcene,exact_match,Talcene,
Talcharaim,exact_match,Talcharaim,
Talhovi,exact_match,Talhovi,
Taloraan,exact_match,Taloraan,
Talravin,exact_match,Talravin,
Tamban,exact_match,Tamban,
Tammar,exact_match,Tammar,
Tammuz-an,exact_match,Tammuz-an,
Tandankin,exact_match,Tandankin,
Tandun,exact_match,Tandun,
Tangrene,exact_match,Tangrene,
Tanjay,exact_match,Tanjay,
Tantive,exact_match,Tantive,
Tar Mordren,exact_match,Tar Mordren,
Tarabba,exact_match,Tarabba,
Taral V,exact_match,Taral V,
Targon,exact_match,Targon,
Tarhassan,exact_match,Tarhassan,
Taris,exact_match,Taris,
Tarmidia,exact_match,Tarmidia,
Tarnoonga,exact_match,Tarnoonga,
Taroon,exact_match,Taroon,
Tarsa,exact_match,Tarsa,
Tarsunt,exact_match,Tarsunt,
Tasariq,exact_match,Tasariq,
Tashtor Seneca,exact_match,Tashtor Seneca,
Taskeed,exact_match,Taskeed,
Taspir III,exact_match,Taspir III,
Tatooine,exact_match,Tatooine,
Tauber,exact_match,Tauber,
Taul,exact_match,Taul,
Teardrop,exact_match,Teardrop,
Tekurr'k,exact_match,Tekurr'k,
Telaris,exact_match,Telaris,
Telerath,exact_match,Telerath,
Telkur Station,exact_match,Telkur Station,
Telos,exact_match,Telos,
Telti,exact_match,Telti,
Tenara,exact_match,Tenara,
Tepasi,exact_match,Tepasi,
Terephon,exact_match,Terephon,
Terman,exact_match,Terman,
Terminus,exact_match,Terminus,
Terr'Skiar,exact_match,Terr'Skiar,
Terrijo,exact_match,Terrijo,
Tertiary Feswe,exact_match,Tertiary Feswe,
Tertiary Kesmere,exact_match,Tertiary Kesmere,
Teth,exact_match,Teth,
Teya IV,exact_match,Teya IV,
Teyr Vulvarch,exact_match,Teyr Vulvarch,
Thaere,exact_match,Thaere,
Thakwaa,exact_match,Thakwaa,
Thalassia,exact_match,Thalassia,
Thanium,exact_match,Thanium,
Thape,exact_match,Thape,
The Cometwash,exact_match,The Cometwash,
The Godsheart,exact_match,The Godsheart,
The Maw,exact_match,The Maw,
The Red Twins,exact_match,The Red Twins,
The Redoubt,exact_match,The Redoubt,
The Ring,exact_match,The Ring,
The Wheel,exact_match,The Wheel,
Thearterra,exact_match,Thearterra,
Thebeon,exact_match,Thebeon,
Thermon,exact_match,Thermon,
Theselon,exact_match,Theselon,
Thesme,exact_match,Thesme,
Thila,exact_match,Thila,
Thisspias,exact_match,Thisspias,
Thoadeye,exact_match,Thoadeye,
Thokos,exact_match,Thokos,
Thokosia,exact_match,Thokosia,
Tholatin,exact_match,Tholatin,
Tholoth,manual_required,,no exact or unique normalized match
Thomork,exact_match,Thomork,
ThonBoka,exact_match,ThonBoka,
Thonner,exact_match,Thonner,
Thoran,exact_match,Thoran,
Thorgeld,exact_match,Thorgeld,
Thosa,exact_match,Thosa,
Thracior,exact_match,Thracior,
Thrakia,exact_match,Thrakia,
Thrantin,exact_match,Thrantin,
Thule,exact_match,Thule,
Thull's Vault,exact_match,Thull's Vault,
Thustra,exact_match,Thustra,
Thyferra,exact_match,Thyferra,
Tibrin,exact_match,Tibrin,
Tibro,exact_match,Tibro,
Tierfon,exact_match,Tierfon,
Timora,exact_match,Timora,
Tinallis,exact_match,Tinallis,
Tinnel,exact_match,Tinnel,
Tinoon,exact_match,Tinoon,
Tinta,exact_match,Tinta,
Tion,exact_match,Tion,
Tirahnn,exact_match,Tirahnn,
Tirsa,exact_match,Tirsa,
Tisht,exact_match,Tisht,
Tiss'sharl,exact_match,Tiss'sharl,
Tlactehon,exact_match,Tlactehon,
Togominda,exact_match,Togominda,
Togoria,exact_match,Togoria,
Tokmia,exact_match,Tokmia,
Tol Amn,exact_match,Tol Amn,
Tomo-Reth,exact_match,Tomo-Reth,
Toola,exact_match,Toola,
Toong'l,exact_match,Toong'l,
Toprawa,exact_match,Toprawa,
Torn Station,exact_match,Torn Station,
Torolis,exact_match,Torolis,
Torque,exact_match,Torque,
Tosste,exact_match,Tosste,
Tothis,exact_match,Tothis,
Tovarskl,exact_match,Tovarskl,
Toydaria,exact_match,Toydaria,
Trammen,exact_match,Trammen,
Trammis,exact_match,Trammis,
Trancret,exact_match,Trancret,
Trandosha,exact_match,Trandosha,
Transel,exact_match,Transel,
Tranthellix,exact_match,Tranthellix,
Trantor,exact_match,Trantor,
Trasse,exact_match,Trasse,
Trassitan,exact_match,Trassitan,
Tregillis,exact_match,Tregillis,
Trellen,exact_match,Trellen,
Trenwyth,exact_match,Trenwyth,
Trevi,exact_match,Trevi,
Trevura,exact_match,Trevura,
Trian,exact_match,Trian,
Triewahl,exact_match,Triewahl,
Triffis,exact_match,Triffis,
Trigalis,exact_match,Trigalis,
Trindello,exact_match,Trindello,
Trinovat,exact_match,Trinovat,
Triton,exact_match,Triton,
Trogan,exact_match,Trogan,
Troiken,exact_match,Troiken,
Troos,exact_match,Troos,
Troska,exact_match,Troska,
Trunska,exact_match,Trunska,
Truuine,exact_match,Truuine,
Tshindral,exact_match,Tshindral,
Tsoss Beacon,exact_match,Tsoss Beacon,
Tsyk,exact_match,Tsyk,
Tumani,exact_match,Tumani,
Tund,exact_match,Tund,
Turkana,exact_match,Turkana,
Twith,exact_match,Twith,
Tyed Kant,exact_match,Tyed Kant,
Tyluun,exact_match,Tyluun,
Tynna,exact_match,Tynna,
Tythe,exact_match,Tythe,
Tython,exact_match,Tython,
Tyus Cluster,exact_match,Tyus Cluster,
Uaua,exact_match,Uaua,
Uba,exact_match,Uba,
Ubrikkia,exact_match,Ubrikkia,
Ukatis,exact_match,Ukatis,
Ukio,exact_match,Ukio,
Ulda Frav,exact_match,Ulda Frav,
Ulicia,exact_match,Ulicia,
Ulmatra,exact_match,Ulmatra,
Ultaar,exact_match,Ultaar,
Umbara,exact_match,Umbara,
Umgul,exact_match,Umgul,
Umthyg,exact_match,Umthyg,
Unagin,exact_match,Unagin,
Uogo'cor,exact_match,Uogo'cor,
Uphrades,exact_match,Uphrades,
Uquine,exact_match,Uquine,
UR-1060,exact_match,UR-1060,
UR-2650,exact_match,UR-2650,
UR-3741,exact_match,UR-3741,
UR-8827,exact_match,UR-8827,
UR-9353,exact_match,UR-9353,
Urce,exact_match,Urce,
Urdur,exact_match,Urdur,
Usk,exact_match,Usk,
Usnia,exact_match,Usnia,
Usta,exact_match,Usta,
Ut,exact_match,Ut,
Utapau,exact_match,Utapau,
Utaruun,exact_match,Utaruun,
Utegetu Nebula,exact_match,Utegetu Nebula,
Utrost,exact_match,Utrost,
Uvena Prime,manual_required,,no exact or unique normalized match
Uviuy Exen,exact_match,Uviuy Exen,
Uyter,exact_match,Uyter,
Vaal,exact_match,Vaal,
Vaathkree,exact_match,Vaathkree,
Vaced,exact_match,Vaced,
Vactooine,exact_match,Vactooine,
Vakkar,exact_match,Vakkar,
Vaklin,exact_match,Vaklin,
Valc,exact_match,Valc,
Valgauth,exact_match,Valgauth,
Vallusk Cluster,exact_match,Vallusk Cluster,
Valorsi,exact_match,Valorsi,
Valrar,exact_match,Valrar,
Vandelhelm,exact_match,Vandelhelm,
Vandor,exact_match,Vandor,
Vandyne,exact_match,Vandyne,
Vanik,exact_match,Vanik,
Vanjervalis,exact_match,Vanjervalis,
Vanquo,exact_match,Vanquo,
Varadan,exact_match,Varadan,
Varl,exact_match,Varl,
Varonat,exact_match,Varonat,
Varristad,exact_match,Varristad,
Varvrona,exact_match,Varvrona,
Vasch,exact_match,Vasch,
Vasha,exact_match,Vasha,
Vassek,exact_match,Vassek,
Vaykaaris,exact_match,Vaykaaris,
Vaynai,exact_match,Vaynai,
Velabri,exact_match,Velabri,
Velga,exact_match,Velga,
Velmor,exact_match,Velmor,
Velusia,exact_match,Velusia,
Vena,exact_match,Vena,
Venaari,exact_match,Venaari,
Vendaxa,exact_match,Vendaxa,
Venestria,exact_match,Venestria,
Venjagga,exact_match,Venjagga,
Ventooine,exact_match,Ventooine,
Veragi,exact_match,Veragi,
Verdanth,exact_match,Verdanth,
Vergesso,exact_match,Vergesso,
Vergill,exact_match,Vergill,
Vernet,exact_match,Vernet,
Veron,exact_match,Veron,
Vestar,exact_match,Vestar,
Vex,exact_match,Vex,
Vexta,exact_match,Vexta,
Vicondor,exact_match,Vicondor,
Vindalia,exact_match,Vindalia,
Vinsoth,exact_match,Vinsoth,
Virgillia,exact_match,Virgillia,
Virujansi,exact_match,Virujansi,
Vjun,exact_match,Vjun,
Vladet,exact_match,Vladet,
Vodran,manual_required,,no exact or unique normalized match
Vogel,exact_match,Vogel,
Vohai,exact_match,Vohai,
Void Station,exact_match,Void Station,
Voktunma,exact_match,Voktunma,
Voltare,exact_match,Voltare,
Von-Alai,exact_match,Von-Alai,
Vondarc,exact_match,Vondarc,
Vontor,exact_match,Vontor,
Voon,exact_match,Voon,
Voorsbain,exact_match,Voorsbain,
Vor Deo,exact_match,Vor Deo,
Vorsia,exact_match,Vorsia,
Vortex,exact_match,Vortex,
Vorzyd,exact_match,Vorzyd,
Voss,exact_match,Voss,
Vuchelle,exact_match,Vuchelle,
Vulcar,exact_match,Vulcar,
Vulpter,exact_match,Vulpter,
Vulta,exact_match,Vulta,
Vultar,exact_match,Vultar,
Vuma,exact_match,Vuma,
Vurdon Ka,exact_match,Vurdon Ka,
Vuzsa,exact_match,Vuzsa,
Vykos,exact_match,Vykos,
Wakeelmui,exact_match,Wakeelmui,
Walalla,exact_match,Walalla,
Walinor,exact_match,Walinor,
Wann Tsir,exact_match,Wann Tsir,
Wayland,exact_match,Wayland,
Weerden,exact_match,Weerden,
Wetyin's Colony,exact_match,Wetyin's Colony,
Whelori,exact_match,Whelori,
Widek,manual_required,,no exact or unique normalized match
Wistril,exact_match,Wistril,
Wobani,exact_match,Wobani,
Wodan,exact_match,Wodan,
Womrik,exact_match,Womrik,
Woostri,exact_match,Woostri,
Worru'du,exact_match,Worru'du,
Wrea,exact_match,Wrea,
Wroona,exact_match,Wroona,
Wukkar,exact_match,Wukkar,
Wyndigal,exact_match,Wyndigal,
Xa Fel,exact_match,Xa Fel,
Xagobah,exact_match,Xagobah,
Xeron,exact_match,Xeron,
Xerton,exact_match,Xerton,
Xo,exact_match,Xo,
Xobome,exact_match,Xobome,
Xochtl,exact_match,Xochtl,
Xolu,exact_match,Xolu,
Xoman,exact_match,Xoman,
Xorth,exact_match,Xorth,
Yabol Opa,exact_match,Yabol Opa,
Yag'Dhul,exact_match,Yag'Dhul,
Yaga Minor,exact_match,Yaga Minor,
Yalara,exact_match,Yalara,
Yanibar,manual_required,,no exact or unique normalized match
Yashuvhu,exact_match,Yashuvhu,
Yavin,exact_match,Yavin,
Yetoom,exact_match,Yetoom,
Yhifar,exact_match,Yhifar,
Yinchorr,exact_match,Yinchorr,
Yitabo,exact_match,Yitabo,
Ylesia,exact_match,Ylesia,
Ylix,exact_match,Ylix,
Yn,exact_match,Yn,
Yoribuunt,exact_match,Yoribuunt,
Yout,exact_match,Yout,
Yulant,exact_match,Yulant,
Yutan,exact_match,Yutan,
Yutusk,exact_match,Yutusk,
Zadaria,exact_match,Zadaria,
Zaddja,exact_match,Zaddja,
Zakuul,exact_match,Zakuul,
Zalori,exact_match,Zalori,
Zaloriis,exact_match,Zaloriis,
Zamael,exact_match,Zamael,
Zanbar,exact_match,Zanbar,
Zardossa Stix,exact_match,Zardossa Stix,
Zaria,exact_match,Zaria,
Zchtek,exact_match,Zchtek,
Zebitrope,exact_match,Zebitrope,
ZeHeth,exact_match,ZeHeth,
Zeltros,exact_match,Zeltros,
Zenox Cluster,exact_match,Zenox Cluster,
Zephry,exact_match,Zephry,
Zerm,exact_match,Zerm,
Zeta,exact_match,Zeta,
Zhanox,exact_match,Zhanox,
Zhar,exact_match,Zhar,
Zigoola,exact_match,Zigoola,
Ziost,exact_match,Ziost,
Zirulast,exact_match,Zirulast,
Zisia,exact_match,Zisia,
Ziugen,exact_match,Ziugen,
Zolan,exact_match,Zolan,
Zonama Sekot,exact_match,Zonama Sekot,
Zonju,exact_match,Zonju,
Zorbia,exact_match,Zorbia,
Zygerria,exact_match,Zygerria,
Zygia,exact_match,Zygia,
Zyluria,exact_match,Zyluria,
